{"stats":{"minecraft:used":{"minecraft:oak_log":2,"minecraft:dirt":2},"minecraft:custom":{"minecraft:jump":39,"minecraft:time_since_rest":4636,"minecraft:leave_game":1,"minecraft:crouch_one_cm":48,"minecraft:sprint_one_cm":4456,"minecraft:play_time":4636,"minecraft:time_since_death":4636,"minecraft:walk_one_cm":2935,"minecraft:sneak_time":36,"minecraft:total_world_time":4636,"minecraft:fall_one_cm":1370,"minecraft:fly_one_cm":7386},"minecraft:mined":{"minecraft:grass_block":2,"minecraft:oak_log":2},"minecraft:picked_up":{"minecraft:oak_log":2,"minecraft:dirt":2}},"DataVersion":3700}