{"stats":{"minecraft:custom":{"minecraft:jump":148,"minecraft:time_since_rest":8481,"minecraft:leave_game":3,"minecraft:sprint_one_cm":4058,"minecraft:play_time":8481,"minecraft:time_since_death":8481,"minecraft:walk_one_cm":10731,"minecraft:total_world_time":8481,"minecraft:fall_one_cm":1463,"minecraft:fly_one_cm":8378},"minecraft:picked_up":{"minecraft:wheat_seeds":1,"minecraft:dirt":2},"minecraft:used":{"minecraft:dirt":2},"minecraft:mined":{"minecraft:short_grass":2,"minecraft:grass_block":2}},"DataVersion":3700}